Resolt,Night_code,billsil,TheSandyWalsh,manolesparta,turner_prize,ferrous1911,alb1,RankWinner,Azelphur,wobbly-cheese,PrimaCora,Niohzxs,Jorw98,masklinn,zauddelig,NemPlayer,Thethinkinman,mardiros,yesdefinitely_,SecretAgentZeroNine,Soramente,i_know_python,C-1991,Lifeless_G,maustinv,SV-97,IAmAHat_AMAA,vorticalbox,HohlraumHe3,CodeSkunky,acid_6,mkleehammer,andrewleverette,Evanescent_contrail,s_vaichu,Andohuman,chalbersma,PureForWhite,name_censored_,e_dipretoro,zom-ponks,soulrapier,jeffrey_f,sabboo,meanjan
ilan,playdead_,DeepCrimson,Heniadyoin1,sneakpeekbot,lfzs,Steve132,blinkallthetime,0xF4D3C0D3,_afrokiller,allpowerfulee,usedtobejuandeag,shivamkotwalia,Eutro864,anntzer,6nomads,WholePoint1,StrongYogurt,WikiTextBot,HughDamnRight,almyndz,MadCybertist,TheSlips,virogenesis011,rhymer0123,nez_har,bradfordmaster,northernbloke,HuginPhysics,AfraidOfCeilingFans,don_john18,djamp42,dillmon,Lackxy,zalanzalanda,gh314,Y45HK4R4NDIK4R,fletcherberryman,shawmonster,RulerKun_FGO,sdexca,SweetJesusBlueEyes,Ice0Fuchsia,ObviousB0t,PistolRcks
bulletmark,tunisia3507,psychonekk,miggaz_elquez,streetster17,AmusedAgder,Tweak_Imp,notquiteaplant,Thriftfunnel,techtesh,False_Chemical,def_88,ReasonableTomorrow0,tlwhite0311,iamareebjamal,fall1nc,iceevil,ryansmccoy,Alol0512,rsheftel,callmelucky,sun6489,stonetear2017,mihkostas001,real_men_use_vba,pbewig,hakancelik,winston-smith-1808,craig081785,Maja19,redsuit06,samyboy,Kristoffels,LardPi,PhoenixizFire,epicadv,nerdponx,dAnjou,white_shadow131,deapee,13steinj,theullrich,SysAdmin0x1,unicooorns,Laptopgeek1310,LtTom,bejangravity,Etni3s,NorwegianClassic
BagelKing,nilfm,chris1610,sparo22,Hazzbro786,a_dog_named_bob,uditvashisht,0294779Jobs,Anonym0us_User,ToothlessPro,deeps_0312,ravenchilde,iwpanda,florinandrei,Rion1200,bacondev,HenryMulligan,TangoOscarIndia,jiaoyin,kendallchuang,n0rm4ltu3sd4ykn1ght,ajmartin527,ReadItWithSarcasm,FlukyS,CaptainFrasse,ExtremeTitan345,ooojustin,jhdeval,IliumFuit,IamFr0ssT,twowheels,gaberocksall,athermop,funktionaler_niko,personality_profile,dkvng,pianosneha,killerbake,Nohvah,SkieSquiggles1001,OSRS_DabSlab,Memoriuhl,Wiznet,programmerjules,psydonPB,bonkers128,Greg05,RummanNaser,blackheartredeye,Crondel,VredditDownloader,royerz2,Ballatoilet
i621148,AnonMurphy,Zrk,Zzz1324,WystanH,foreverwintr,_fimin,EntropyNullifier,axeonthra,limoonen,cubsfan52884,sam-the-fam-,audionautics,BulletNextDoor,reinaldo866,boring_accountant,neerajjoon,dboneharvey,james_pic,willnx,laurielondon,zevloo,gopirockz,bteton,ninjalemon,bpooqd,rubu87,pylenin,page_soup,pythonHelperBot,catconsultant,tjspe27,NathanSuperStar,superfooly,beremeth,wischichr,Doesthecurtain,Filostrato,Arjuns2002,professormunchies,PDiracDelta,iMedhat58,tangerinelion,Ruben9695,vinsmokesanji3,sweedishfishy,PCCJP,SNova96,amiy_,datascienceunlimited,ahadcove,EIenawr,MasonBo_90,anselal,OldAssGrapes,DatBoi_BP,KawaiiScythe,beinginvisible24
manimax3,deltaWhiskey91L,Jacobthetallone,efmccurdy,aphoenix,TunaLobster,flying-sheep,huessy,WhiteOutMonster,vvhodis,Rythemeius,tenyu9,RevolutionaryMoment9,merwanedr,Lendand,decrement--,Euphorbium,pmatti,MisterBlggs,DebTheDowner,H_Psi,RemindMeBot,tagslyf,flying_5loths,DevDevRev,ReviveMeIHaveRayGun,rtphokie,NewZealandIsAMyth,maxbridgland,kartinko28,foobar93,Sir_not_sir,MaoGo,digitaldeadstar,HacksOrSKill,kumashiro,sc0rcher,AxelJuraske,maditab,Matthijs2203,nevus_bock,donttalkbullshit,wxjunkie5,WajahatAliAbid,FerumFist,QuantumFall,phogphantom,supremosjr,Samqua,NoLemurs,Hatoris,kokosoida,endlesslope,feclar,JBakinM0n,tagolin0,FruscianteDebutante,your_reddit_account
abdoulsn,zoerano,bruh__bot,androgynyjoe,Z_Zeay,clean_pegasus,NA8SU,haydads,yerocnagooc,thebuffed,trynottoforgetname,mrtkp9993,keraj93,I_AM_ALWAYS_ANGRY,Xcali1bur,-Regex,PM-ME-SMILES-PLZ,LightningBacca26,MaMe91,KFW,FsInTheChatBoiz,fuempf,victoriasecretagent,niggatronix,althonos,issue9mm,vanhasenlautakasa,-_-STRANGER-_-,Muhznit,engineerL,python_django,Pecky95,energybased,Mrthomsonmas,muhamedelatroush,Ninjafreak77,girafon,bjbs303,WilyWalloo,SoaringRocket,ballsackn00dle,realAnalysis6,aexia,dailymcoffee,dubh31241,sagr0tan,AwedEven
6c696e7578,BecomingIt,apv507,bigno6,Canadian_Marine,SquareCurvesStudio,data_analist,Arashi99,Desmond_Morris,Jedkea,Vibos,1FireWalker,georgy1972,ebdbbb,phail3d,Rize92,Gocasual,ElectroFiN,git-push-f,RockieRockie,wronek,heuamoebe,daredevildas,99Kira,ArmstrongBillie,Stichs,DerrickRobles,SoCalLongboard,MartyMacGyver,atomicspace,WittyYak,chub79,wo0zyy,Desposyni,jmmcd,ToSimplicity,hilomania,jabbson,novel_eye,foxthatruns,neurone214,nekogareth,mvaliente2001,thnok,SelfDestructOct2019,dexterbt1,totally-what,2r0m0c0,TenzoDev,dubslee,DrowningAtSea93,AutoModerator,ApprehensiveSong5,ThePixelCoder,Scissorhands_Igloo,moroccantv,IAmKindOfCreative,jasongia,scr165,austin-schaffer,ringoron9,buttery_shame_cave,koenada,ericonr
Skillet_Lasagna,coolcoollercoolest,secondhandrebel,EvilTeliportist,DurzoB4,Zzzsojeffrey,11218,ktulhy-kun,ddm50,trog12,cestes1,evil_90,archlich,pybacup,khuwazimator,samhamnam,poophole3423,IDCh,iLucidTech,richiebful,theng,sotanodroid,Imagine-existance,GrizzyLizz,everytoastedgiraffe,Reasintper,Alejo9010,NattyBr0,shehryarkn,pirat_rob,Jim421616,tr14l,christian-mann,Ziyad0100,soil_nerd,cjlee420,bigfish_in_smallpond,SmearyLobster,Helpmeimfijian,jconcode,public_radio,omento,Joseph_S_Torgerson,garrock255,DeltaJuliett,_b5n_,TheLifeOfARock,lukajda33,willo10,alphaharris1,8bitz
timewarpper,TeluguGameboy,domac,thomasloven,northdekcfc,pingz,SauronsUnderpants,__unavailable__,SpaceHub,eras,RedNinja0731,GeronimoHero,Dadotox,lukethedukeisapuke,stop_sine,otayeby,abhiksark,jamestpp,JanDerion47,ponix,TotesMessenger,codewriterguy,abhijitganguly,LearningBus,saggiopol,Deboniako,Matt_txt,hkamran85,programming-nerd,ship0f,ZeAviator,GMU-CS,CHS_Dev,ithrowdongs,m4xc4v413r4,SupahNoob,rishrapsody,-Temo,cinek2,Weatherstation,SmokinZBT,jhayes88,geekyNut,deifius,HomicidalTeddybear,paraffin,genjimain44,Joelllllll1992,luckylukedw
